{"cameraMode":{"drawMode":0,"name":"Shaded","section":"Shading Mode"},"sceneLighting":true,"audioPlay":false,"sceneViewState":{"showFog":false,"showMaterialUpdate":false,"showSkybox":false,"showFlares":false,"showImageEffects":false,"showParticleSystems":false},"in2DMode":false,"pivot":{"x":-108.12842559814453,"y":127.88133239746094,"z":-172.9788055419922},"rotation":{"x":-0.17609578371047975,"y":0.8167422413825989,"z":-0.4443698823451996,"w":-0.32352593541145327},"size":35.98047637939453,"orthographic":false}