{"cameraMode":{"drawMode":0,"name":"Shaded","section":"Shading Mode"},"sceneLighting":true,"audioPlay":false,"sceneViewState":{"showFog":false,"showMaterialUpdate":false,"showSkybox":false,"showFlares":false,"showImageEffects":false,"showParticleSystems":false},"in2DMode":false,"pivot":{"x":250.3000030517578,"y":-88.49781799316406,"z":160.9250030517578},"rotation":{"x":-0.00007249483314808458,"y":-0.9999926090240479,"z":-0.009292998351156712,"w":0.008138110861182213},"size":233.8532257080078,"orthographic":false}