{"cameraMode":{"drawMode":0,"name":"Shaded","section":"Shading Mode"},"sceneLighting":false,"audioPlay":false,"sceneViewState":{"showFog":false,"showMaterialUpdate":false,"showSkybox":false,"showFlares":false,"showImageEffects":false,"showParticleSystems":false},"in2DMode":false,"pivot":{"x":2.6942412853240969,"y":1.5543577671051026,"z":0.9335805177688599},"rotation":{"x":0.5272213816642761,"y":-0.0030515710823237898,"z":0.0018887307960540057,"w":0.8497636914253235},"size":8.420805931091309,"orthographic":false}