{"cameraMode":{"drawMode":0,"name":"Shaded","section":"Shading Mode"},"sceneLighting":true,"audioPlay":false,"sceneViewState":{"showFog":false,"showMaterialUpdate":false,"showSkybox":false,"showFlares":false,"showImageEffects":false,"showParticleSystems":false},"in2DMode":false,"pivot":{"x":0.0,"y":1.6819994449615479,"z":4.76837158203125e-7},"rotation":{"x":0.44772404432296755,"y":0.05150245130062103,"z":-0.02592637576162815,"w":0.8924234509468079},"size":3.4805831909179689,"orthographic":false}