{"cameraMode":{"drawMode":0,"name":"Shaded","section":"Shading Mode"},"sceneLighting":true,"audioPlay":false,"sceneViewState":{"showFog":false,"showMaterialUpdate":false,"showSkybox":false,"showFlares":false,"showImageEffects":false,"showParticleSystems":false},"in2DMode":false,"pivot":{"x":250.3000030517578,"y":-88.49781799316406,"z":146.0500030517578},"rotation":{"x":0.16946355998516084,"y":0.3629840016365051,"z":-0.06718528270721436,"w":0.9138792157173157},"size":202.05235290527345,"orthographic":false}