{"cameraMode":{"drawMode":0,"name":"Shaded","section":"Shading Mode"},"sceneLighting":true,"audioPlay":false,"sceneViewState":{"showFog":false,"showMaterialUpdate":false,"showSkybox":false,"showFlares":false,"showImageEffects":false,"showParticleSystems":false},"in2DMode":false,"pivot":{"x":254.1422882080078,"y":-108.88162231445313,"z":154.322509765625},"rotation":{"x":-0.04271767660975456,"y":0.9229865074157715,"z":-0.10736851394176483,"w":-0.3671773076057434},"size":12.314839363098145,"orthographic":false}