{"cameraMode":{"drawMode":0,"name":"Shaded","section":"Shading Mode"},"sceneLighting":false,"audioPlay":false,"sceneViewState":{"showFog":false,"showMaterialUpdate":false,"showSkybox":false,"showFlares":false,"showImageEffects":false,"showParticleSystems":false},"in2DMode":false,"pivot":{"x":-208.26950073242188,"y":-66.41671752929688,"z":327.91607666015627},"rotation":{"x":0.3341010510921478,"y":-0.5944235920906067,"z":0.297155499458313,"w":0.6685255765914917},"size":2849.27392578125,"orthographic":false}