{"cameraMode":{"drawMode":0,"name":"Shaded","section":"Shading Mode"},"sceneLighting":false,"audioPlay":false,"sceneViewState":{"showFog":false,"showMaterialUpdate":false,"showSkybox":false,"showFlares":false,"showImageEffects":false,"showParticleSystems":false},"in2DMode":false,"pivot":{"x":0.12253157049417496,"y":0.5382015705108643,"z":-0.4537191689014435},"rotation":{"x":0.3308749198913574,"y":0.09524774551391602,"z":-0.03366733342409134,"w":0.9383589029312134},"size":3.2444241046905519,"orthographic":false}