{"cameraMode":{"drawMode":0,"name":"Shaded","section":"Shading Mode"},"sceneLighting":false,"audioPlay":false,"sceneViewState":{"showFog":true,"showMaterialUpdate":false,"showSkybox":false,"showFlares":true,"showImageEffects":true,"showParticleSystems":true},"in2DMode":false,"pivot":{"x":7.254114151000977,"y":-10.217086791992188,"z":8.051651000976563},"rotation":{"x":-0.08482862263917923,"y":0.8775666952133179,"z":-0.44060802459716799,"w":-0.16895465552806855},"size":92.84442138671875,"orthographic":false}