{"cameraMode":{"drawMode":0,"name":"Shaded","section":"Shading Mode"},"sceneLighting":true,"audioPlay":false,"sceneViewState":{"showFog":true,"showMaterialUpdate":false,"showSkybox":false,"showFlares":true,"showImageEffects":true,"showParticleSystems":true},"in2DMode":false,"pivot":{"x":250.3000030517578,"y":-95.08596801757813,"z":157.9250030517578},"rotation":{"x":-0.26577165722846987,"y":0.6559153199195862,"z":-0.26640990376472475,"w":-0.654344379901886},"size":238.84864807128907,"orthographic":false}