{"cameraMode":{"drawMode":0,"name":"Shaded","section":"Shading Mode"},"sceneLighting":false,"audioPlay":false,"sceneViewState":{"showFog":true,"showMaterialUpdate":false,"showSkybox":false,"showFlares":true,"showImageEffects":true,"showParticleSystems":true},"in2DMode":false,"pivot":{"x":59.655426025390628,"y":4.309301376342773,"z":28.700775146484376},"rotation":{"x":-0.4163386821746826,"y":-0.02672414667904377,"z":0.012251405976712704,"w":-0.9087399244308472},"size":2059.795166015625,"orthographic":false}