{"cameraMode":{"drawMode":0,"name":"Shaded","section":"Shading Mode"},"sceneLighting":false,"audioPlay":false,"sceneViewState":{"showFog":true,"showMaterialUpdate":false,"showSkybox":false,"showFlares":true,"showImageEffects":true,"showParticleSystems":true},"in2DMode":false,"pivot":{"x":29.38018798828125,"y":21.35977554321289,"z":56.865753173828128},"rotation":{"x":-0.4163386821746826,"y":-0.02672414667904377,"z":0.012251405976712704,"w":-0.9087399244308472},"size":2862.440185546875,"orthographic":false}