{"cameraMode":{"drawMode":0,"name":"Shaded","section":"Shading Mode"},"sceneLighting":false,"audioPlay":false,"sceneViewState":{"showFog":true,"showMaterialUpdate":false,"showSkybox":false,"showFlares":true,"showImageEffects":true,"showParticleSystems":true},"in2DMode":false,"pivot":{"x":-1.7881393432617188e-7,"y":1.8931485414505005,"z":0.711275577545166},"rotation":{"x":0.19233481585979463,"y":-0.5169200897216797,"z":0.12041472643613816,"w":0.8254236578941345},"size":8.095587730407715,"orthographic":false}