{"cameraMode":{"drawMode":0,"name":"Shaded","section":"Shading Mode"},"sceneLighting":true,"audioPlay":false,"sceneViewState":{"showFog":true,"showMaterialUpdate":false,"showSkybox":true,"showFlares":true,"showImageEffects":true,"showParticleSystems":true},"in2DMode":false,"pivot":{"x":569.5398559570313,"y":86.0321044921875,"z":0.0},"rotation":{"x":0.21609054505825044,"y":0.004388635978102684,"z":-0.0009704860276542604,"w":0.9763691425323486},"size":162.13966369628907,"orthographic":false}